﻿Designator,Footprint,Quantity,Value,LCSC Part #
"C1, C2",0402,2,100nF,C1525
"D1, D11, D13, D15, D4, D5, D8, D9",SOT-23,8,BAS70-06-CAnode,
"D10, D12, D14, D16, D2, D3, D6, D7",SOT-23,8,BAS70-05-CCatode,
D17,0402,1,PMEG2010EA,C2837790
D18,0402,1,PWR LED,C130724
D19,0402,1,USR LED,C130724
F1,0402,1,500mA,C210357
"H1, H2, H3, H4, H5",MountingHole_3.5mmX4.5mm_Pad,5,Mounting_Hole,
J1,PJ-320A-REVERSIBLE-F.Cu-placing,1,AudioJack4,
J2,PJ-320A-REVERSIBLE-B.Cu-placing,1,AudioJack4,
J3,USB_C_Receptacle_HRO_TYPE-C-31-M-12,1,USB_C_Receptacle_USB2.0,C2765186
R1,0402,1,10k,C25744
"R2, R3",0402,2,5.1k,C25905
"R4, R5",0402,2,1k,C11702
"S1, S10, S11, S12, S13, S14, S15, S16, S17, S18, S19, S2, S20, S21, S22, S23, S24, S25, S26, S27, S28, S3, S4, S5, S6, S7, S8, S9",SW_Hotswap_Kailh_Choc_MX_1.00u_One_Sided,28,Keyswitch,
"SW1, SW2",SW-TH_SSCF110100,2,~,
SW3,KEY-SMD_4P-L4.8-W4.8-P3.70-LS6.4-TL,1,BOOT,C115357
SW4,KEY-SMD_4P-L4.8-W4.8-P3.70-LS6.4-TL,1,RESET,C115357
"U1, U4",SOT-23-6,2,USBLC6-2SC6,C2687116
"U2, U3",TSSOP-20_4.4x6.5mm_P0.65mm,2,CH552T,C111367
U5,TSSOP-20_4.4x6.5mm_P0.65mm-REVERSIBLE,1,CH552T,C111367
